City_ID,City,Lat,Lng,Max Temp,Humidity,Cloudiness,Wind Speed,Country,Date
0,san patricio,28.017,-97.5169,13.24,91,0,4.56,US,1674385167
1,rikitea,-23.1203,-134.9692,25.96,77,28,8.09,PF,1674385168
2,san cristobal,7.7669,-72.225,17.1,72,88,1.61,VE,1674385168
3,mandalgovi,45.7625,106.2708,-26.34,51,100,9.37,MN,1674385052
4,hobart,-42.8794,147.3294,18.36,84,75,2.57,AU,1674385168
5,asbe teferi,9.0833,40.8667,24.96,30,14,3.63,ET,1674385168
6,mataura,-46.1927,168.8643,8.29,95,65,0.53,NZ,1674385168
7,korla,41.7597,86.1469,-9.13,65,0,4.25,CN,1674385168
8,russell,32.3502,-85.1999,8.99,93,100,2.57,US,1674385168
9,shache,38.4167,77.2406,-4.05,75,43,2.5,CN,1674385168
10,puerto ayora,-0.7393,-90.3518,23.08,98,66,2.23,EC,1674385169
11,redondela,42.2834,-8.6096,10.7,68,0,1.54,ES,1674385169
12,airai,-8.9266,125.4092,16.87,94,92,0.69,TL,1674385169
13,thompson,55.7435,-97.8558,-14.91,85,100,0.0,CA,1674385169
14,vaini,-21.2,-175.2,26.09,94,20,1.54,TO,1674385169
15,makat,47.6469,53.3463,2.97,24,0,5.44,KZ,1674385170
16,ushuaia,-54.8,-68.3,7.81,57,0,3.09,AR,1674385170
17,caceres,39.522,-6.3748,6.69,47,2,2.46,ES,1674385170
18,port alfred,-33.5906,26.891,21.77,96,100,2.68,ZA,1674385170
19,port macquarie,-31.4333,152.9167,19.94,90,16,2.03,AU,1674385170
20,castro,-24.7911,-50.0119,20.56,83,88,1.69,BR,1674385170
21,pontianak,-0.0333,109.3333,28.99,74,40,3.09,ID,1674385141
22,butaritari,3.0707,172.7902,27.1,75,57,7.36,KI,1674385171
23,narsaq,60.9167,-46.05,-16.23,65,16,4.72,GL,1674385171
24,aanekoski,62.6946,25.818,-4.96,94,77,2.49,FI,1674385171
25,hilo,19.7297,-155.09,25.16,78,0,1.79,US,1674385171
26,kaitangata,-46.2817,169.8464,10.82,82,86,2.74,NZ,1674385171
27,mar del plata,-38.0023,-57.5575,22.68,82,0,5.36,AR,1674385018
28,sarahan,31.5167,77.8,6.14,49,0,1.37,IN,1674385172
29,longyearbyen,78.2186,15.6401,-0.09,86,75,0.51,SJ,1674385172
30,pisco,-13.7,-76.2167,21.03,88,100,1.03,PE,1674385172
31,pampas,-12.4,-74.9,8.68,90,100,1.49,PE,1674385172
32,ribeira grande,38.5167,-28.7,17.1,67,40,8.23,PT,1674385172
33,bluff,-46.6,168.3333,12.2,63,75,4.24,NZ,1674385172
34,iralaya,15.0,-83.2333,23.92,84,4,4.06,HN,1674385172
35,cherskiy,68.75,161.3,-44.69,99,42,0.38,RU,1674385172
36,albanel,48.8832,-72.4487,-7.92,77,100,1.03,CA,1674385173
37,gazanjyk,39.2446,55.5154,2.5,37,0,5.0,TM,1674385173
38,willmar,45.1219,-95.0433,-8.9,100,96,1.35,US,1674385173
39,abu samrah,35.3029,37.1841,15.0,48,5,2.75,SY,1674385173
40,tiksi,71.6872,128.8694,-28.85,90,100,1.7,RU,1674385173
41,ancud,-41.8697,-73.8203,14.75,97,92,1.66,CL,1674385173
42,genhe,50.7833,121.5167,-40.87,100,85,1.11,CN,1674385173
43,chapais,49.7834,-74.8492,-10.12,94,100,3.38,CA,1674385173
44,tasiilaq,65.6145,-37.6368,-17.99,41,43,9.46,GL,1674385174
45,vila franca do campo,37.7167,-25.4333,16.23,76,68,2.76,PT,1674385174
46,sitka,57.0531,-135.33,2.02,89,100,2.21,US,1674385174
47,valdivia,-39.8142,-73.2459,11.05,96,25,0.72,CL,1674385174
48,santa maria,-29.6842,-53.8069,22.61,100,20,1.03,BR,1674385174
49,fukue,32.6881,128.8419,7.2,93,75,4.63,JP,1674385174
50,ketchikan,55.3422,-131.6461,2.26,93,75,2.57,US,1674385174
51,dungarpur,23.8333,73.7167,23.88,17,1,1.82,IN,1674385174
52,hithadhoo,-0.6,73.0833,27.72,72,36,4.66,MV,1674385174
53,new norfolk,-42.7826,147.0587,18.17,78,90,0.89,AU,1674385175
54,lompoc,34.6391,-120.4579,9.96,70,18,11.18,US,1674385175
55,esperance,-33.8667,121.9,21.13,63,78,8.75,AU,1674385175
56,champagnole,46.7445,5.9135,-0.24,86,99,4.1,FR,1674385175
57,geraldton,-28.7667,114.6,23.23,78,100,5.14,AU,1674385033
58,kodiak,57.79,-152.4072,0.28,94,100,6.31,US,1674385123
59,lavrentiya,65.5833,-171.0,-30.0,93,63,3.02,RU,1674385175
60,dikson,73.5069,80.5464,-17.53,92,100,12.09,RU,1674385175
61,barrow,71.2906,-156.7887,-19.16,97,100,5.73,US,1674384902
62,ilulissat,69.2167,-51.1,-29.17,77,98,4.04,GL,1674385176
63,bethel,41.3712,-73.414,1.38,74,55,1.12,US,1674385176
64,nikolskoye,59.7035,30.7861,-3.06,88,73,2.68,RU,1674385176
65,great yarmouth,52.6083,1.7305,1.68,76,5,2.01,GB,1674384904
66,najran,17.4924,44.1277,23.36,15,1,2.33,SA,1674385176
67,saint-philippe,-21.3585,55.7679,29.77,82,100,4.75,RE,1674385176
68,itarema,-2.9248,-39.9167,26.75,76,61,4.09,BR,1674385177
69,pulaski,34.7668,-92.3001,6.72,92,94,1.79,US,1674385177
70,laguna,38.421,-121.4238,6.16,90,0,1.54,US,1674385177
71,port moresby,-9.4431,147.1797,27.68,83,40,5.14,PG,1674385177
72,the valley,18.217,-63.0578,24.9,73,18,8.93,AI,1674385177
73,east london,-33.0153,27.9116,27.52,74,40,6.69,ZA,1674385177
74,hofn,64.2539,-15.2082,0.35,50,51,15.12,IS,1674385177
75,torbay,47.6666,-52.7314,-0.79,95,100,11.32,CA,1674385177
76,ponta delgada,37.7333,-25.6667,16.4,63,75,3.6,PT,1674385134
77,rocha,-34.4833,-54.3333,25.09,57,0,3.34,UY,1674385178
78,sanming,26.2486,117.6186,15.47,94,73,1.52,CN,1674385178
79,jizan,17.3333,42.6667,29.52,48,1,4.47,SA,1674385178
80,atuona,-9.8,-139.0333,25.96,79,36,8.3,PF,1674385178
81,mount gambier,-37.8333,140.7667,14.77,85,0,4.67,AU,1674385178
82,guerrero negro,27.9769,-114.0611,11.15,43,0,0.5,MX,1674385178
83,constitucion,-35.3333,-72.4167,15.78,68,0,1.99,CL,1674385178
84,coahuayana,18.7333,-103.6833,18.87,82,0,1.73,MX,1674385179
85,chokurdakh,70.6333,147.9167,-40.74,99,89,3.36,RU,1674385179
86,iqaluit,63.7506,-68.5145,-12.15,92,100,3.6,CA,1674385179
87,bredasdorp,-34.5322,20.0403,24.49,54,98,3.36,ZA,1674385179
88,kununurra,-15.7667,128.7333,27.99,89,40,1.54,AU,1674385179
89,qaanaaq,77.484,-69.3632,-34.17,67,68,2.97,GL,1674385179
90,honiara,-9.4333,159.95,26.05,87,85,1.77,SB,1674385180
91,san quintin,30.4833,-115.95,11.28,62,0,0.95,MX,1674385180
92,punta arenas,-53.15,-70.9167,4.06,81,0,1.54,CL,1674385180
93,port lincoln,-34.7333,135.8667,17.97,80,0,7.2,AU,1674385180
94,ambanja,-13.6833,48.45,23.96,93,99,1.84,MG,1674385140
95,nacozari,25.3366,-108.2574,5.59,68,0,2.69,MX,1674385180
96,nemuro,43.3236,145.575,-5.6,66,95,8.79,JP,1674385181
97,albany,42.6001,-73.9662,-1.34,84,16,1.22,US,1674385056
98,avarua,-21.2078,-159.775,24.03,88,100,1.54,CK,1674385181
99,nome,64.5011,-165.4064,-29.94,77,17,2.87,US,1674385181
100,manastiur,45.8167,22.0667,10.36,66,19,1.45,RO,1674385181
101,shingu,33.7333,135.9833,5.96,59,86,1.37,JP,1674384931
102,quang ngai,15.1167,108.8,21.75,95,76,1.52,VN,1674385181
103,half moon bay,37.4636,-122.4286,9.95,87,40,4.12,US,1674385181
104,kavaratti,10.5669,72.642,26.89,70,49,6.13,IN,1674385182
105,santiago,-33.4569,-70.6483,22.36,49,0,1.54,CL,1674384910
106,tabou,4.423,-7.3528,28.93,70,85,3.41,CI,1674385182
107,porto santo,33.072,-16.3415,16.21,63,40,7.2,PT,1674385182
108,la ronge,55.1001,-105.2842,-4.86,93,100,2.57,CA,1674385182
109,mount isa,-20.7333,139.5,31.87,20,9,3.6,AU,1674385182
110,samarkand,39.6542,66.9597,-3.32,74,100,3.09,UZ,1674384964
111,charters towers,-20.1,146.2667,24.58,80,68,5.06,AU,1674385182
112,alba,52.0324,23.1165,1.45,94,87,4.33,PL,1674385148
113,yellowknife,62.456,-114.3525,-10.71,92,100,4.12,CA,1674385183
114,correntina,-13.3433,-44.6367,21.13,93,100,0.99,BR,1674385183
115,sur,22.5667,59.5289,20.85,51,45,5.49,OM,1674385183
116,deputatskiy,69.3,139.9,-40.24,97,61,2.72,RU,1674385183
117,komsomolets,53.7453,62.0708,-6.72,85,27,3.05,KZ,1674385183
118,fort nelson,58.8053,-122.7002,-1.23,69,75,1.54,CA,1674385183
119,itanagar,27.1,93.6167,18.2,46,39,0.12,IN,1674385183
120,pitimbu,-7.4706,-34.8086,26.33,71,6,3.21,BR,1674385184
121,muros,42.7762,-9.0603,11.02,75,87,3.88,ES,1674385184
122,grand baie,-20.0182,57.5802,29.26,73,97,5.26,MU,1674385184
123,bubaque,11.2833,-15.8333,22.15,61,97,5.05,GW,1674385184
124,diamantino,-14.4086,-56.4461,23.29,91,81,1.4,BR,1674385184
125,eydhafushi,5.1033,73.0708,26.78,71,68,5.47,MV,1674385184
126,cape town,-33.9258,18.4232,27.29,59,20,6.17,ZA,1674385185
127,manta,-0.95,-80.7333,24.88,83,100,2.57,EC,1674385185
128,bougouni,11.417,-7.479,34.95,11,2,0.32,ML,1674385185
129,hermanus,-34.4187,19.2345,25.45,66,72,4.76,ZA,1674385186
130,ponta do sol,32.6667,-17.1,17.85,51,41,4.41,PT,1674385186
131,bambous virieux,-20.3428,57.7575,29.14,74,75,7.2,MU,1674385186
132,berlevag,70.8578,29.0864,4.0,70,20,11.32,NO,1674385186
133,healesville,-37.65,145.5167,19.79,90,66,1.01,AU,1674385186
134,juybar,36.6412,52.9124,12.09,50,8,4.01,IR,1674385187
135,kalmunai,7.4167,81.8167,24.44,87,100,3.51,LK,1674385187
136,riachao,-7.3619,-46.6172,23.44,86,77,2.27,BR,1674385187
137,apeldoorn,52.21,5.9694,1.0,90,100,4.63,NL,1674384601
138,tuktoyaktuk,69.4541,-133.0374,-24.43,95,100,1.59,CA,1674385187
139,lorengau,-2.0226,147.2712,27.3,79,100,3.28,PG,1674385187
140,busselton,-33.65,115.3333,27.49,42,0,5.16,AU,1674385187
141,los llanos de aridane,28.6585,-17.9182,17.29,76,75,5.66,ES,1674385188
142,kapaa,22.0752,-159.319,22.18,93,100,2.57,US,1674385188
143,rio grande,-32.035,-52.0986,27.06,82,1,4.1,BR,1674385188
144,areosa,41.7178,-8.8571,9.81,64,61,1.65,PT,1674385188
145,fortuna,40.5982,-124.1573,8.29,94,100,3.6,US,1674385188
146,vargashi,55.3556,65.8467,-4.75,77,100,6.24,RU,1674385188
147,zarinsk,53.7074,84.9493,-23.77,93,71,2.43,RU,1674385188
148,yaransk,57.3033,47.8861,-6.82,90,100,3.23,RU,1674385188
149,maragogi,-9.0122,-35.2225,27.65,63,34,3.08,BR,1674385189
150,meulaboh,4.1363,96.1285,24.24,91,92,1.04,ID,1674385189
151,holland,42.7875,-86.1089,0.25,88,100,0.45,US,1674385189
152,lahstedt,52.2483,10.2325,2.46,81,100,1.79,DE,1674385189
153,kieta,-6.2167,155.6333,26.26,83,99,1.37,PG,1674385189
154,monchegorsk,67.9397,32.8739,-7.34,91,100,3.79,RU,1674385189
155,arona,28.0996,-16.681,16.29,64,20,11.83,ES,1674385189
156,severo-yeniseyskiy,60.3725,93.0408,-30.51,96,100,1.96,RU,1674385189
157,aykhal,66.0,111.5,-31.09,78,99,2.51,RU,1674385189
158,san carlos de bariloche,-41.1456,-71.3082,14.02,67,20,8.23,AR,1674385190
159,maragua,-0.7833,37.1333,26.85,31,100,3.63,KE,1674385190
160,hirara,24.8,125.2833,22.15,78,75,6.17,JP,1674385190
161,halifax,44.6453,-63.5724,-5.0,95,0,4.63,CA,1674385190
162,olafsvik,64.8945,-23.7142,-2.28,65,100,19.98,IS,1674385190
163,hoganas,56.1997,12.558,-0.63,75,6,3.58,SE,1674385190
164,palma di montechiaro,37.1926,13.765,5.73,65,95,6.25,IT,1674385191
165,beira,-19.8436,34.8389,31.89,49,66,4.31,MZ,1674385191
166,ostrovnoy,68.0531,39.5131,-3.03,78,100,11.72,RU,1674385191
167,komsomolskiy,40.4272,71.7189,1.4,47,100,2.06,UZ,1674385191
168,cayenne,4.9333,-52.3333,25.02,88,40,4.63,GF,1674385191
169,razdolnoye,43.55,131.9167,-21.33,88,93,3.65,RU,1674385191
170,hegra,63.4644,11.114,-1.45,58,0,2.57,NO,1674385192
171,tual,-5.6667,132.75,27.75,78,97,7.34,ID,1674385192
172,teya,60.3778,92.6267,-28.67,96,100,2.03,RU,1674385192
173,huejuquilla el alto,22.6,-103.8667,4.48,68,0,0.86,MX,1674385192
174,kahului,20.8947,-156.47,23.25,74,1,2.24,US,1674385192
175,sechura,-5.5569,-80.8222,21.54,77,58,2.73,PE,1674385192
176,isangel,-19.55,169.2667,26.87,85,100,1.6,VU,1674385192
177,olpad,21.3333,72.75,24.99,34,0,3.4,IN,1674385192
178,octeville,49.6261,-1.6435,4.27,81,20,1.54,FR,1674385192
179,pangkalanbuun,-2.6833,111.6167,25.29,89,70,1.52,ID,1674385193
180,sao sebastiao,-23.76,-45.4097,26.8,71,66,1.05,BR,1674385193
181,champerico,14.3,-91.9167,23.28,80,5,3.04,GT,1674385193
182,vaitape,-16.5167,-151.75,26.68,71,96,2.75,PF,1674385193
183,nelson bay,-32.7167,152.15,20.0,94,92,1.79,AU,1674385193
184,hay river,60.8156,-115.7999,-11.01,85,75,12.86,CA,1674385193
185,khatanga,71.9667,102.5,-36.98,81,26,1.6,RU,1674385193
186,dichiseni,44.2333,27.5333,13.9,67,100,5.97,RO,1674385194
187,clinton,42.587,-82.9199,0.53,81,100,1.84,US,1674385194
188,saint pete beach,27.7253,-82.7412,18.43,89,93,0.89,US,1674385194
189,makakilo city,21.3469,-158.0858,23.09,81,75,2.06,US,1674385194
190,westport,41.1415,-73.3579,3.09,71,55,0.45,US,1674385194
191,szydlowiec,51.2282,20.8611,2.95,99,100,3.72,PL,1674384910
192,piacabucu,-10.4056,-36.4344,27.94,65,36,3.26,BR,1674385194
193,havre-saint-pierre,50.2334,-63.5986,-10.0,78,0,2.06,CA,1674385194
194,padang,-0.9492,100.3543,24.03,87,99,0.76,ID,1674385195
195,vavuniya,8.7514,80.4971,24.26,77,100,2.49,LK,1674385195
196,port-gentil,-0.7193,8.7815,29.98,74,40,3.6,GA,1674385195
197,bograd,54.2344,90.8328,-34.27,98,51,2.11,RU,1674385195
198,igarka,67.4667,86.5833,-20.9,96,100,10.0,RU,1674385195
199,bureya,49.8133,129.8131,-41.38,99,32,1.62,RU,1674385195
200,petropavlovsk-kamchatskiy,53.0452,158.6483,-19.57,60,0,5.0,RU,1674384940
201,luanda,-8.8368,13.2343,30.0,66,20,2.06,AO,1674384996
202,arraial do cabo,-22.9661,-42.0278,22.92,100,0,1.54,BR,1674385196
203,jamestown,42.097,-79.2353,-0.25,86,100,2.57,US,1674385196
204,sao paulo de olivenca,-3.3783,-68.8725,20.98,99,52,0.22,BR,1674385196
205,manavadar,21.5,70.1333,24.75,26,10,4.83,IN,1674385196
206,keti bandar,24.1447,67.4497,21.82,27,0,3.71,PK,1674385196
207,qandala,11.472,49.8728,25.61,58,14,6.34,SO,1674385196
208,beringovskiy,63.05,179.3167,-19.36,88,100,5.38,RU,1674385196
209,port elizabeth,-33.918,25.5701,26.29,68,0,6.71,ZA,1674385197
210,codrington,-38.2667,141.9667,15.37,91,22,5.41,AU,1674385197
211,hamilton,39.1834,-84.5333,0.55,83,100,0.45,US,1674385137
212,aiquile,-18.2041,-65.1807,15.81,76,13,1.42,BO,1674385197
213,severo-kurilsk,50.6789,156.125,-8.82,78,100,5.46,RU,1674385197
214,namibe,-15.1961,12.1522,24.66,71,100,3.43,AO,1674385198
215,kirya,-3.9167,37.4833,33.83,28,100,2.23,TZ,1674385198
216,sao filipe,14.8961,-24.4956,21.42,62,20,4.8,CV,1674385198
217,ulaanbaatar,47.9077,106.8832,-31.93,56,0,4.0,MN,1674384934
218,kyshtovka,56.555,76.6271,-9.51,94,100,4.91,RU,1674385198
219,victor harbor,-35.5667,138.6167,17.22,83,12,0.89,AU,1674385198
220,kanniyakumari,8.0833,77.5667,28.59,59,97,8.76,IN,1674385198
221,denpasar,-8.65,115.2167,28.81,79,40,2.57,ID,1674384539
222,cururupu,-1.8283,-44.8683,26.75,78,88,2.54,BR,1674385199
223,carbondale,37.7273,-89.2168,0.55,95,100,0.0,US,1674385199
224,pierre,44.3683,-100.351,-11.75,91,40,0.0,US,1674385199
225,toora-khem,52.4675,96.11,-35.88,100,59,0.39,RU,1674385199
226,kandrian,-6.2167,149.55,25.93,89,100,3.02,PG,1674385199
227,ossora,59.2353,163.0719,-21.47,97,100,8.39,RU,1674385199
228,vanimo,-2.6741,141.3028,25.38,89,95,2.14,PG,1674385200
229,sapa,5.1544,120.3241,26.74,77,100,2.6,PH,1674385132
230,ochakiv,46.6128,31.5498,6.25,67,29,5.12,UA,1674385200
231,hami,42.8,93.45,-8.05,23,1,2.93,CN,1674385200
232,bani,18.2833,-70.3333,22.14,80,2,4.44,DO,1674385202
233,cidreira,-30.1811,-50.2056,23.79,85,100,3.34,BR,1674385233
234,stephenville,32.2207,-98.2023,2.74,71,0,1.34,US,1674385249
235,alizai,33.5383,70.3462,9.48,37,33,2.23,PK,1674385261
236,klaksvik,62.2266,-6.589,7.51,83,99,13.79,FO,1674385083
237,avera,33.194,-82.5271,5.73,95,100,4.85,US,1674385263
238,roald,62.5833,6.1333,6.08,45,0,8.75,NO,1674385265
239,coihaique,-45.5752,-72.0662,9.97,87,0,1.54,CL,1674385050
240,springfield,37.2153,-93.2982,2.21,94,100,0.89,US,1674385142
241,saint anthony,45.0205,-93.218,-6.03,93,100,3.09,US,1674385267
242,lufilufi,-13.8745,-171.5986,24.88,79,62,6.82,WS,1674385273
243,kisangani,0.5167,25.2,32.18,42,100,0.89,CD,1674384980
244,stykkisholmur,65.0757,-22.7297,-3.94,74,100,15.73,IS,1674384783
245,sambava,-14.2667,50.1667,27.62,72,98,3.13,MG,1674385279
246,harer,9.3094,42.1258,24.72,28,22,2.55,ET,1674385280
247,rawson,-43.3002,-65.1023,20.96,54,30,7.63,AR,1674385204
248,port hawkesbury,45.6169,-61.3485,-2.24,78,40,6.17,CA,1674385280
249,jardim,-21.4803,-56.1381,25.19,76,33,2.97,BR,1674385281
250,harrisonville,38.6533,-94.3488,0.88,93,100,1.54,US,1674385281
251,soto la marina,23.7667,-98.2167,20.2,92,100,3.82,MX,1674385285
252,lanxi,29.2195,119.477,9.39,93,100,0.98,CN,1674385286
253,vila velha,-20.3297,-40.2925,23.86,99,100,0.89,BR,1674385264
254,la romana,18.4273,-68.9728,20.95,89,2,3.53,DO,1674385287
255,tortoli,39.9256,9.6572,9.12,59,91,3.53,IT,1674385020
256,pevek,69.7008,170.3133,-39.77,100,59,1.53,RU,1674385287
257,upernavik,72.7868,-56.1549,-32.71,67,25,3.08,GL,1674385202
258,mana,5.6592,-53.7767,24.16,91,44,5.68,GF,1674385290
259,ouadda,8.0777,22.4007,36.84,10,84,2.19,CF,1674385290
260,faanui,-16.4833,-151.75,26.7,71,94,2.78,PF,1674385290
261,larsnes,62.2028,5.5773,5.9,54,4,5.4,NO,1674385290
262,bengkulu,-3.8004,102.2655,25.32,87,99,1.94,ID,1674385292
263,nanortalik,60.1432,-45.2371,-8.22,61,6,4.6,GL,1674385293
264,galle,6.0367,80.217,25.72,82,98,2.85,LK,1674385293
265,amapa,1.0,-52.0,22.39,98,85,0.71,BR,1674385293
266,kharp,66.8014,65.8081,-10.96,89,95,4.02,RU,1674385294
267,luderitz,-26.6481,15.1594,26.14,50,2,11.33,NA,1674385294
268,la cruz,23.9167,-106.9,13.89,56,0,2.82,MX,1674385295
269,port blair,11.6667,92.75,26.59,70,100,5.81,IN,1674385295
270,hasaki,35.7333,140.8333,5.22,78,100,2.34,JP,1674385295
271,lebu,-37.6167,-73.65,14.02,89,0,4.41,CL,1674385296
272,carnarvon,-24.8667,113.6333,24.2,77,3,9.27,AU,1674385297
273,soyo,-6.1349,12.3689,28.35,72,98,2.37,AO,1674385297
274,bombay,19.0144,72.8479,25.99,38,2,5.14,IN,1674385003
275,hailar,49.2,119.7,-40.73,100,22,1.82,CN,1674384998
276,saskylakh,71.9167,114.0833,-37.49,90,90,1.32,RU,1674385038
277,dmanisi,41.5251,44.3472,-1.52,79,99,2.08,GE,1674385298
278,kiama,-34.6833,150.8667,19.1,91,100,0.45,AU,1674385298
279,warmbad,-28.45,18.7333,32.69,14,11,3.28,NA,1674385298
280,saint-augustin,51.226,-58.6502,-12.56,88,100,2.37,CA,1674385299
281,gatesville,31.4352,-97.7439,5.38,66,0,5.59,US,1674385299
282,lucea,18.451,-78.1736,21.03,79,10,3.2,JM,1674385299
283,lata,40.1629,-8.3327,11.15,55,16,2.76,PT,1674385300
284,kuah,6.3265,99.8432,27.53,76,90,8.85,MY,1674385300
285,salalah,17.0151,54.0924,24.2,56,5,4.29,OM,1674384908
286,whitehorse,60.7161,-135.0538,-9.43,98,27,1.85,CA,1674385301
287,boras,57.721,12.9401,-3.83,78,45,1.22,SE,1674385124
288,taitung,22.7583,121.1444,22.15,94,75,1.03,TW,1674385302
289,henties bay,-22.116,14.2845,20.62,76,96,4.41,NA,1674385303
290,mahebourg,-20.4081,57.7,27.92,76,93,4.72,MU,1674385303
291,sorland,67.667,12.6934,5.92,71,100,16.33,NO,1674385303
292,saint george,37.1041,-113.5841,-1.14,68,0,2.06,US,1674385303
293,gamba,-2.65,10.0,28.96,67,96,2.8,GA,1674385304
294,ohringen,49.2017,9.5039,2.14,77,99,3.32,DE,1674385201
295,taian,36.1853,117.12,4.0,59,99,1.82,CN,1674385305
296,kontagora,10.3999,5.4695,35.16,11,75,1.76,NG,1674385305
297,palmas,-10.2128,-48.3603,22.93,93,100,0.98,BR,1674385306
298,pingdingshan,33.7385,113.3012,5.95,35,41,2.36,CN,1674385244
299,egvekinot,66.3167,-179.1667,-30.17,80,7,4.37,RU,1674385307
300,taltal,-25.4,-70.4833,18.57,82,10,0.62,CL,1674385307
301,thinadhoo,0.5333,72.9333,27.18,77,15,6.83,MV,1674385308
302,asfi,32.2994,-9.2372,16.91,66,3,4.04,MA,1674385309
303,lagos,6.5833,3.75,33.63,48,88,2.69,NG,1674385292
304,yulara,-25.2406,130.9889,33.22,17,30,3.03,AU,1674385310
305,yalutorovsk,56.6536,66.3006,-5.62,83,100,5.13,RU,1674385311
306,chuy,-33.6971,-53.4616,22.06,78,4,3.6,UY,1674385271
307,murupara,-38.4667,176.7,16.48,100,39,1.08,NZ,1674385312
308,alofi,-19.0595,-169.9187,26.94,79,20,6.48,NU,1674385313
309,anadyr,64.75,177.4833,-19.72,45,20,4.0,RU,1674385138
310,sainte-thecle,46.8168,-72.4991,-9.95,98,100,0.53,CA,1674385313
311,richards bay,-28.783,32.0377,36.61,32,0,6.06,ZA,1674385313
312,trinidad,-14.8333,-64.9,22.86,87,68,2.05,BO,1674385313
313,alta,69.9689,23.2717,3.59,70,0,2.06,NO,1674384902
314,waingapu,-9.6567,120.2641,26.83,74,55,0.81,ID,1674385314
315,puerto leguizamo,-0.1934,-74.7819,19.65,99,52,0.66,CO,1674385314
316,narasannapeta,18.4167,84.05,26.2,48,4,5.21,IN,1674385315
317,qaqortoq,60.7167,-46.0333,-14.3,61,11,4.95,GL,1674385316
318,tamandare,-8.7597,-35.1047,27.66,63,14,2.57,BR,1674385316
319,flin flon,54.7682,-101.865,-8.97,95,100,2.79,CA,1674385316
320,kiunga,-6.1219,141.2906,24.15,97,100,1.09,PG,1674385316
321,niagara falls,43.1001,-79.0663,1.38,80,100,3.09,CA,1674385317
322,matagami,49.7502,-77.6328,-6.94,93,100,4.12,CA,1674385317
323,jhelum,32.9331,73.7264,18.05,32,0,1.71,PK,1674385317
324,sola,-13.8833,167.55,27.88,74,100,2.59,VU,1674385318
325,praia,14.9215,-23.5087,22.3,53,75,4.63,CV,1674385040
326,qujing,25.4833,103.7833,13.45,29,1,5.09,CN,1674385318
327,belyy yar,53.6039,91.3903,-31.06,67,12,0.0,RU,1674385318
328,vardo,70.3705,31.1107,0.99,87,100,9.86,NO,1674385318
329,bowen,-20.0167,148.2333,26.0,79,13,5.09,AU,1674385318
330,matara,5.9485,80.5353,26.7,74,98,4.4,LK,1674385319
331,satipo,-11.2522,-74.6386,20.02,99,97,0.34,PE,1674385319
332,pryozerne,45.2698,36.3303,7.4,68,89,6.26,UA,1674385319
333,norman wells,65.282,-126.8329,-16.9,97,100,1.89,CA,1674385319
334,jiuquan,39.7432,98.5174,-9.17,62,100,6.63,CN,1674385289
335,mundo nuevo,18.7,-95.5,21.65,86,0,1.19,MX,1674385319
336,visegrad,43.7847,19.2992,7.3,76,93,1.12,BA,1674385320
337,uhlove,44.8215,33.6045,11.05,51,0,2.92,UA,1674385320
338,shelburne,44.0787,-80.2041,-2.09,95,100,2.73,CA,1674385292
339,jambi,-1.6,103.6167,25.76,89,93,0.85,ID,1674385320
340,dese,11.1333,39.6333,20.38,30,16,3.94,ET,1674385321
341,boone,39.0334,-92.3335,1.55,94,100,1.61,US,1674385072
342,gradistea,44.2333,27.2167,14.5,60,100,3.58,RO,1674385321
343,santa fe,-31.6333,-60.7,26.12,79,0,1.34,AR,1674385322
344,luganville,-15.5333,167.1667,26.51,82,97,1.24,VU,1674385322
345,puerto carreno,6.189,-67.4859,23.03,74,60,3.96,CO,1674385323
346,sao joao da barra,-21.6403,-41.0511,24.44,84,49,3.64,BR,1674385324
347,kloulklubed,7.0419,134.2556,27.74,81,100,8.86,PW,1674385324
348,opuwo,-18.0607,13.84,23.75,52,97,1.66,NA,1674385324
349,songea,-10.6833,35.65,23.23,72,98,2.95,TZ,1674385324
350,banda aceh,5.5577,95.3222,25.92,82,90,4.02,ID,1674385324
351,taraclia,45.9,28.6689,10.97,57,100,5.53,MD,1674385325
352,georgetown,5.4112,100.3354,26.97,89,20,2.06,MY,1674385078
353,dolzhanskaya,46.6311,37.8039,2.02,83,100,6.1,RU,1674385325
354,erzin,36.9559,36.2,17.44,41,13,0.81,TR,1674385325
355,ustka,54.5805,16.8619,2.03,86,100,5.44,PL,1674385326
356,pangnirtung,66.1451,-65.7125,-16.03,98,100,1.12,CA,1674385326
357,hanyang,32.1371,105.5126,6.82,56,91,2.38,CN,1674385326
358,talnakh,69.4865,88.3972,-18.27,77,100,6.5,RU,1674385327
359,husavik,66.0449,-17.3389,-5.16,67,42,9.91,IS,1674385327
360,quatre cocos,-20.2078,57.7625,27.83,74,97,4.37,MU,1674385328
361,siuna,13.7332,-84.7773,19.95,88,57,1.23,NI,1674385328
362,wad madani,14.4012,33.5199,31.99,12,15,4.01,SD,1674385328
363,katsuura,35.1333,140.3,7.66,87,100,4.65,JP,1674385328
364,paamiut,61.994,-49.6678,-6.38,87,100,7.06,GL,1674385328
365,naze,28.3667,129.4833,17.51,80,100,11.0,JP,1674385328
366,portland,45.5234,-122.6762,5.74,88,84,3.58,US,1674384794
367,luunja,58.3558,26.8808,-3.66,85,46,3.09,EE,1674385329
368,neuquen,-38.9516,-68.0591,22.49,41,0,6.18,AR,1674385208
369,kjollefjord,70.9457,27.3465,6.03,75,75,11.83,NO,1674385329
370,lasa,46.6166,10.7002,2.05,70,74,0.71,IT,1674385330
371,birao,10.2849,22.7882,35.69,9,17,4.02,CF,1674385330
372,flinders,-34.5833,150.8552,18.99,89,100,4.02,AU,1674385181
373,fernley,39.608,-119.2518,-2.46,79,67,1.34,US,1674385330
374,swellendam,-34.0226,20.4417,25.41,54,63,3.89,ZA,1674385330
375,luau,-10.7073,22.2247,19.8,93,99,3.55,AO,1674385331
376,mahibadhoo,3.7833,72.9667,26.87,73,54,6.31,MV,1674385304
377,port hardy,50.6996,-127.4199,4.2,82,23,3.25,CA,1674385332
378,nouadhibou,20.931,-17.0347,18.41,47,35,7.24,MR,1674385332
379,mount pleasant,32.7941,-79.8626,14.0,97,100,2.57,US,1674385332
380,lagoa,39.05,-27.9833,15.02,79,0,9.27,PT,1674385332
381,doha,25.2867,51.5333,21.99,56,20,3.6,QA,1674385147
382,enid,36.3956,-97.8784,1.28,93,100,5.14,US,1674385332
383,umm kaddadah,13.6017,26.6876,29.49,8,3,6.7,SD,1674385333
384,kharian,32.8149,73.8636,17.89,32,2,1.51,PK,1674385335
385,kichera,55.9375,110.0997,-35.13,81,53,1.74,RU,1674385335
386,kano,12.0001,8.5167,29.91,10,0,4.34,NG,1674385335
387,umea,63.8284,20.2597,-1.04,86,100,3.09,SE,1674384847
388,clyde river,70.4692,-68.5914,-30.87,76,100,8.75,CA,1674385336
389,knysna,-34.0363,23.0471,25.36,60,2,4.24,ZA,1674385125
390,manavgat,36.7867,31.4431,16.46,50,32,1.81,TR,1674385336
391,broome,42.2506,-75.833,-0.17,83,100,2.57,US,1674385336
392,awjilah,29.1081,21.2869,17.47,30,32,4.02,LY,1674385336
393,provideniya,64.3833,-173.3,-27.1,89,87,6.5,RU,1674385337
394,charagua,-19.8,-63.2167,21.13,83,92,0.95,BO,1674385338
395,north platte,41.1239,-100.7654,-7.01,88,0,6.26,US,1674385338
396,yaan,7.3833,8.5667,34.57,17,41,2.54,NG,1674385339
397,betong,5.7743,101.0723,22.99,97,97,1.09,TH,1674385339
398,margate,51.3813,1.3862,6.5,72,12,1.79,GB,1674385339
399,tshane,-24.0196,21.8684,34.9,15,6,5.08,BW,1674385341
400,camacha,33.0833,-16.3333,14.68,63,40,7.2,PT,1674385341
401,umm lajj,25.0213,37.2685,24.39,50,0,5.75,SA,1674385341
402,marathon,44.9,-89.7668,-8.14,89,100,2.57,US,1674385342
403,carbonia,39.1672,8.5222,5.56,55,44,2.45,IT,1674385342
404,la serena,-29.9078,-71.2542,17.63,87,7,1.35,CL,1674385342
405,severnyy-kospashskiy,59.0925,57.8008,-9.66,64,100,2.04,RU,1674385343
406,ulladulla,-35.35,150.4667,17.49,84,96,0.66,AU,1674385343
407,mineros,-17.1167,-63.2333,24.37,76,93,4.03,BO,1674385343
408,popondetta,-8.7537,148.2534,23.64,97,99,1.2,PG,1674385343
409,porto torres,40.835,8.3972,6.1,61,84,0.27,IT,1674385343
410,havelian,34.0536,73.1657,13.24,55,21,2.13,PK,1674385344
411,zima,53.9202,102.0442,-39.69,98,60,0.54,RU,1674385344
412,faya,18.3851,42.4509,17.56,39,0,4.31,SA,1674385345
413,indianapolis,39.7684,-86.158,0.03,90,100,3.09,US,1674384860
414,pyaozerskiy,65.8333,31.1667,-3.97,85,99,5.45,RU,1674385346
415,catamarca,-28.4696,-65.7852,25.04,75,1,4.53,AR,1674385249
416,marawi,7.9986,124.2928,19.41,98,100,1.65,PH,1674385346
417,hambantota,6.1241,81.1185,26.19,89,40,4.63,LK,1674385347
418,logan lake,50.4998,-120.8025,-10.25,99,88,1.08,CA,1674385348
419,klaebu,63.2976,10.4826,-1.47,54,4,2.9,NO,1674385348
420,inuvik,68.3499,-133.7218,-23.41,95,100,2.57,CA,1674385348
421,turayf,31.6725,38.6637,14.89,48,0,4.44,SA,1674385348
422,filadelfia,39.9523,-75.1638,2.28,79,100,0.45,US,1674385140
423,latur,18.4,76.5833,29.06,24,2,2.8,IN,1674385349
424,banjar,-8.19,114.9675,26.07,90,94,0.97,ID,1674385350
425,porto walter,-8.2686,-72.7439,20.18,99,24,0.79,BR,1674385351
426,daru,-9.0763,143.2092,26.96,84,69,4.09,PG,1674385351
427,bahia honda,22.9036,-83.1592,20.78,93,39,3.09,CU,1674385351
428,dzheguta,43.9671,42.0426,6.59,53,97,2.09,RU,1674385351
429,te anau,-45.4167,167.7167,10.79,86,73,1.96,NZ,1674385351
430,mecca,21.4267,39.8261,28.25,44,0,4.52,SA,1674385351
431,rock sound,24.9,-76.2,24.66,79,88,6.75,BS,1674385352
432,ust-nera,64.5667,143.2,-36.87,99,99,0.36,RU,1674385199
433,puerto escondido,15.85,-97.0667,22.94,69,11,2.19,MX,1674385352
434,tuatapere,-46.1333,167.6833,10.85,76,95,2.04,NZ,1674385352
435,katangli,51.7102,143.2326,-24.18,84,83,7.13,RU,1674385352
436,bundaberg,-24.85,152.35,24.56,86,14,0.45,AU,1674385353
437,kourou,5.1552,-52.6478,25.03,90,100,5.29,GF,1674385353
438,dubbo,-32.25,148.6167,19.07,77,92,4.12,AU,1674385353
439,middelburg,-25.7751,29.4648,29.59,13,93,3.15,ZA,1674385251
440,buraydah,26.326,43.975,22.19,27,69,3.68,SA,1674385353
441,wattegama,6.7989,81.4808,23.9,86,100,2.96,LK,1674385354
442,mumford,5.2618,-0.759,28.83,69,72,4.86,GH,1674385354
443,pangody,65.85,74.4859,-18.64,98,100,2.57,RU,1674385355
444,antalaha,-14.9003,50.2788,26.35,78,100,1.34,MG,1674385356
445,port shepstone,-30.7414,30.455,27.48,73,84,7.49,ZA,1674385356
446,caravelas,-17.7125,-39.2481,23.95,93,100,4.47,BR,1674385357
447,cabo san lucas,22.8909,-109.9124,17.51,77,0,2.15,MX,1674385357
448,verkhoyansk,67.5447,133.385,-48.75,100,76,0.19,RU,1674385262
449,krasnoselkup,65.7,82.4667,-19.4,97,100,7.69,RU,1674385358
450,bonthe,7.5264,-12.505,29.69,56,17,2.99,SL,1674385358
451,jasper,37.2001,-94.3502,2.6,92,100,2.06,US,1674385297
452,souillac,-20.5167,57.5167,27.5,73,95,2.98,MU,1674385359
453,seondha,26.1578,78.7797,21.17,51,72,3.46,IN,1674385359
454,tecolutla,20.4833,-97.0167,21.14,95,54,3.09,MX,1674385360
455,emerald,-23.5333,148.1667,25.19,69,62,6.53,AU,1674385360
456,port keats,-14.25,129.55,27.38,81,83,3.28,AU,1674385361
457,wanning,18.8003,110.3967,21.85,93,36,3.01,CN,1674385362
458,yenagoa,4.9247,6.2642,36.8,33,71,0.32,NG,1674385362
459,mogadishu,2.0371,45.3438,28.93,74,20,10.29,SO,1674385099
460,aklavik,68.2191,-135.0107,-22.25,99,100,4.65,CA,1674385362
461,rockport,28.0206,-97.0544,14.01,95,0,5.66,US,1674385362
462,jumla,29.2747,82.1838,8.18,20,1,3.03,NP,1674385363
463,sangmelima,2.9333,11.9833,33.92,29,99,0.8,CM,1674385364
464,puerto del rosario,28.5004,-13.8627,19.86,68,40,9.26,ES,1674385105
465,boa vista,2.8197,-60.6733,23.99,78,75,4.12,BR,1674385364
466,gilgit,35.9221,74.3087,2.17,77,94,0.33,PK,1674385364
467,mayo,38.8876,-76.5119,2.85,84,0,2.57,US,1674385365
468,beloha,-25.1667,45.05,33.33,45,3,9.17,MG,1674385366
469,arman,59.7,150.1667,-23.69,91,100,3.37,RU,1674385366
470,mugur-aksy,50.35,90.5,-30.08,68,0,3.41,RU,1674385366
471,saint-orens-de-gameville,43.554,1.5341,-0.42,70,88,7.42,FR,1674385210
472,port hedland,-20.3167,118.5667,31.03,62,35,4.12,AU,1674385367
473,ayaviri,-14.8864,-70.5889,2.9,90,8,1.05,PE,1674385367
474,yilan,24.757,121.753,21.68,99,73,0.59,TW,1674385368
475,birin,26.8865,88.0718,12.44,52,21,1.93,NP,1674385368
476,barabai,-2.5833,115.3833,24.74,94,95,0.83,ID,1674385369
477,kuito,-12.3833,16.9333,22.31,56,94,2.57,AO,1674385369
478,baculin,7.4525,126.5842,24.44,94,100,1.93,PH,1674385369
479,artyom,40.4723,50.333,8.08,53,0,5.31,AZ,1674385369
480,marrakesh,31.6315,-8.0083,13.04,71,40,2.06,MA,1674385297
481,chiang khong,20.2613,100.4046,22.77,42,4,0.37,TH,1674385370
482,esmeraldas,-19.7625,-44.3139,21.07,91,81,2.58,BR,1674385370
483,sortland,68.6949,15.4162,5.98,93,100,8.91,NO,1674385233
484,kidal,18.4411,1.4078,28.52,8,0,1.52,ML,1674385371
485,coquimbo,-29.9533,-71.3436,17.44,87,5,1.4,CL,1674385371
486,saldanha,-33.0117,17.9442,20.55,71,36,6.91,ZA,1674385348
487,murgab,37.4966,61.9714,4.02,21,11,3.45,TM,1674385372
488,huambo,-12.7761,15.7392,20.53,63,99,1.16,AO,1674385372
489,uchaly,54.2996,59.4521,-4.84,84,93,2.55,RU,1674385372
490,kavieng,-2.5744,150.7967,27.77,76,100,3.6,PG,1674385372
491,petrolina,-9.3986,-40.5008,25.43,66,94,3.55,BR,1674385373
492,omaruru,-21.4333,15.9333,26.04,53,99,2.43,NA,1674385373
493,victoria,22.2855,114.1577,21.08,84,41,3.58,HK,1674385202
494,eyl,7.9803,49.8164,27.7,52,8,10.42,SO,1674385373
495,dunedin,-45.8742,170.5036,13.22,71,99,1.79,NZ,1674385373
496,tikhvin,59.6451,33.5294,-6.55,91,24,2.54,RU,1674385321
497,marystown,47.1666,-55.1483,-2.12,80,94,7.67,CA,1674385374
498,almaznyy,48.0448,40.045,2.06,57,100,6.91,RU,1674385374
499,tolentino,43.2126,13.2901,4.75,91,99,1.6,IT,1674385375
500,chapada dos guimaraes,-15.4606,-55.7497,19.81,83,90,1.63,BR,1674385376
501,makokou,0.5738,12.8642,31.84,43,100,1.25,GA,1674385376
502,hudiksvall,61.729,17.1036,-4.88,77,8,2.16,SE,1674385377
503,kalianget,-7.05,113.9333,26.92,79,76,2.03,ID,1674385378
504,conceicao do araguaia,-8.2578,-49.2647,23.92,91,95,1.98,BR,1674385378
505,zaraza,9.3503,-65.3245,20.39,87,71,1.0,VE,1674385378
506,loralai,30.3705,68.598,7.33,23,0,0.36,PK,1674385379
507,north bend,43.4065,-124.2243,4.95,99,40,4.12,US,1674385379
508,la massana,42.5667,1.4833,-1.14,72,43,5.18,AD,1674385198
509,muisne,0.6,-80.0333,24.07,86,95,2.91,EC,1674385380
510,matay,28.419,30.7792,20.54,34,1,5.67,EG,1674385380
511,biak,-0.9131,122.8766,25.52,82,99,0.69,ID,1674385380
512,jogindarnagar,31.9833,76.7667,13.46,47,0,1.46,IN,1674385381
513,panguna,-6.3164,155.4848,20.58,94,100,0.98,PG,1674385381
514,wagar,16.1525,36.2032,32.16,26,3,1.98,SD,1674385382
515,vila,42.0304,-8.1588,3.49,90,78,2.2,PT,1674385382
516,santa luzia,-19.7697,-43.8514,21.5,94,82,2.09,BR,1674385382
517,gweru,-19.45,29.8167,29.81,33,99,1.2,ZW,1674385382
518,winnemucca,40.973,-117.7357,-3.11,80,31,2.29,US,1674385383
519,touros,-5.1989,-35.4608,27.84,70,71,4.46,BR,1674385383
520,tura,25.5198,90.2201,20.02,37,0,1.57,IN,1674385383
521,otane,-39.8833,176.6333,18.34,84,3,2.95,NZ,1674385383
522,bandarbeyla,9.4942,50.8122,25.67,59,59,9.46,SO,1674385384
523,belmonte,-15.8631,-38.8828,26.26,82,100,4.39,BR,1674385384
524,garissa,-0.4536,39.6401,32.68,39,100,4.64,KE,1674385385
525,apucarana,-23.5508,-51.4608,22.07,87,9,0.66,BR,1674385385
526,gat,31.61,34.7642,21.89,100,0,3.0,IL,1674385220
527,benguela,-12.5763,13.4055,26.99,71,99,4.33,AO,1674385386
528,derzhavinsk,51.1,66.3167,-12.66,81,0,2.4,KZ,1674385386
529,fairbanks,64.8378,-147.7164,-36.84,100,49,1.21,US,1674384989
530,moron,-34.6534,-58.6198,25.01,65,0,2.04,AR,1674385387
531,ahipara,-35.1667,173.1667,18.24,93,2,1.58,NZ,1674385387
532,magadan,59.5667,150.8,-24.88,92,100,3.31,RU,1674385387
533,visnes,59.3556,5.2242,3.45,70,75,9.26,NO,1674385387
534,alenquer,-1.9417,-54.7383,22.57,96,100,0.87,BR,1674385387
535,neiafu,-18.65,-173.9833,28.15,75,2,5.79,TO,1674385388
536,kuusamo,65.9667,29.1833,-4.98,93,100,5.14,FI,1674385369
537,buala,-8.145,159.5921,26.84,81,99,2.54,SB,1674385388
538,north branch,45.5113,-92.9802,-6.96,100,100,0.91,US,1674385389
539,omsukchan,62.5333,155.8,-36.64,99,100,3.04,RU,1674385389
540,saint-louis,16.3333,-15.0,24.39,24,5,2.06,SN,1674385202
541,agirish,61.9247,63.0231,-5.45,88,76,4.2,RU,1674385389
542,kasulu,-4.5767,30.1025,23.94,68,67,1.7,TZ,1674385389
543,asau,46.4333,26.4,4.6,98,100,1.19,RO,1674385399
544,khasan,42.4308,130.6434,-9.27,84,100,3.39,RU,1674385400
545,kurchum,48.5722,83.6542,-27.77,92,4,1.57,KZ,1674385401
546,oranjestad,12.524,-70.027,25.51,79,0,2.24,AW,1674385315
547,moba,33.2288,105.0179,-0.19,66,97,2.47,CN,1674385401
548,santa cruz,-17.8,-63.1667,24.7,88,40,8.23,BO,1674385401
